,A,B,C,D
2000-01-01,-0.910556213992,-1.54541675706,0.188507308438,0.559819997707
2000-01-02,0.373343466165,-0.116611048601,-0.185179533856,-0.225997316804
2000-01-03,-0.142274883768,0.704828387072,0.47138649371,0.633212366643
2000-01-04,0.934022292487,0.73173741592,1.78698911057,-0.729610041161
2000-01-05,0.358642047328,0.221064836932,2.68463152384,-1.45462556273
2000-01-06,-1.3083659603,1.17937789753,0.140012744924,-2.48876616158
2000-01-07,-0.454444639217,0.72956459166,0.361279878812,-4.78746863718
2000-01-08,-1.09848641878,0.261790701578,0.38149331296,-4.20062505533
2000-01-09,-2.15733903832,0.883578146194,2.51204557026,-5.00848376536
2000-01-10,-3.26373334166,1.16032575908,3.96025615515,-4.17116630234
2000-01-11,-4.28190567447,1.40788542194,4.39147166965,-3.25023349957
2000-01-12,-3.94057023227,3.23605811433,4.16087327328,-3.41056740867
2000-01-13,-4.9131821957,2.58246340142,6.73977777083,-3.36643683601
2000-01-14,-4.93490002028,2.66957169995,6.84888515108,-4.01386287539
2000-01-15,-4.22173646254,2.36421950164,5.59955891224,-6.62953639126
2000-01-16,-5.74235186468,0.143774718793,6.83417842743,-7.41330404774
2000-01-17,-6.76277090949,0.639224799876,7.20827992528,-8.60970548173
2000-01-18,-7.32002973085,1.20760622822,6.92600271098,-8.30098934487
2000-01-19,-6.09743174802,3.10772812544,5.7021366083,-7.63918963994
2000-01-20,-5.80102852147,2.96494466899,6.59797545214,-8.14217437014
2000-01-21,-5.21672573509,4.0738662313,6.75430153677,-9.23370818562
2000-01-22,-5.92249806253,4.42509495964,6.05493095859,-7.78269547559
2000-01-23,-5.57080871012,4.26705142239,8.06902202359,-8.85263098099
2000-01-24,-6.47780845401,4.57057884298,8.00304901419,-9.20278628645
2000-01-25,-7.08264130516,5.05676717388,6.60837486409,-9.01036717188
2000-01-26,-7.19356541212,5.21372557268,6.26401160745,-9.51658282476
2000-01-27,-8.12803552488,6.72028202645,6.95478099606,-8.72671061826
2000-01-28,-7.86774248869,6.65805300571,7.10361172128,-7.12027198477
2000-01-29,-7.59981435402,6.52388426822,7.99852360707,-8.22662151775
2000-01-30,-6.60041510676,7.69792808346,7.2644133863,-8.09352701337
2000-01-31,-6.19337922192,7.77995209432,6.48744766959,-6.7126463735
2000-02-01,-6.66665740183,8.88115328036,5.10716794732,-6.02041410835
2000-02-02,-6.19211862342,7.80970926323,4.10596239158,-5.92654626278
2000-02-03,-6.66206336884,7.73779513307,4.15093776828,-4.90980695764
2000-02-04,-7.77489135506,6.83315325587,4.67941201209,-5.30944035898
2000-02-05,-8.0743215459,6.33013616406,5.22491470465,-3.10037296113
2000-02-06,-8.13249582329,5.33286812592,5.20806946442,-1.53590865468
2000-02-07,-9.7825054729,5.51092848958,7.00757543847,-0.321260546445
2000-02-08,-10.7365400612,7.21625267319,6.49453411783,0.501636357857
2000-02-09,-9.11897038993,5.21044166962,5.0272359461,1.80256873952
2000-02-10,-8.91143962442,6.48082937601,4.68824212377,0.762579589183
2000-02-11,-10.0964849761,7.62752900552,6.51079405047,0.508451819951
2000-02-12,-8.51472980652,7.12265928592,5.0714900295,-0.974874764807
2000-02-13,-9.7861010306,6.67267432168,5.86628864626,-0.115117792911
2000-02-14,-9.37910038744,6.92333590273,5.5870379752,0.066906021972
2000-02-15,-8.66601898538,6.44167941208,5.52136094981,-0.833207033563
2000-02-16,-8.33158730979,6.23070562989,6.80166524455,-1.09481745396
2000-02-17,-9.17193378635,8.28511030278,6.942002217,-2.11399533955
2000-02-18,-9.9836599871,7.34874854665,7.68922605267,-2.22756415001
2000-02-19,-11.4505660256,7.84961860346,8.28602984986,-1.15967104924
2000-02-20,-10.8896151125,7.85942693767,8.33107791815,-0.699783073717
2000-02-21,-9.06931200432,7.48145782675,8.47551417599,-1.37757745975
2000-02-22,-8.83061680453,7.07323012011,7.20467650481,-2.45415934675
2000-02-23,-7.49515026367,6.41355981694,8.04781212178,-2.01724927262
2000-02-24,-7.42963769998,6.78323107256,6.88363809047,-2.36563360915
2000-02-25,-7.1568758807,6.3696758742,8.48482442979,-2.95284342789
2000-02-26,-6.93735237086,6.24949024461,8.59634419868,-1.65315137206
2000-02-27,-6.57586434735,6.89542704655,9.46714004626,-2.02802365769
2000-02-28,-6.8783915046,7.26445586579,10.5766253376,-4.03477596652
2000-02-29,-8.25902733517,4.83627268776,10.2773569262,-4.2206484912
2000-03-01,-6.74915696905,4.04135756508,10.2937777555,-4.66780641396
2000-03-02,-7.167586543,4.49589290658,10.7549735474,-4.35434735785
2000-03-03,-8.45452580608,4.75798296266,10.3812844089,-4.38879761142
2000-03-04,-8.17748629893,4.94532170387,12.025654845,-3.82965459806
2000-03-05,-8.61578204595,4.46355720698,10.5630287481,-4.35802500139
2000-03-06,-7.02627085622,5.41767393192,11.6644889792,-3.42555159734
2000-03-07,-7.30841140626,4.77887296727,9.69492910894,-3.96943045247
2000-03-08,-8.66291031608,5.98847449799,9.00803458472,-3.93831292666
2000-03-09,-7.76929538735,5.05793675088,10.0305124521,-4.59387311395
2000-03-10,-5.71940973991,5.58148875609,10.3042627586,-7.00404406113
2000-03-11,-6.47107885496,2.82059461877,9.76718957461,-5.94128989036
2000-03-12,-6.90254951911,1.64145642068,10.7926234279,-4.58647023402
2000-03-13,-6.24414474068,0.909976545151,12.5684362548,-4.78817008699
2000-03-14,-5.00951181986,1.40322205336,13.5649536591,-4.25746255594
2000-03-15,-5.26898168786,0.733151110603,12.9752682766,-5.86442640086
2000-03-16,-4.55572486183,0.610510659971,12.1895255228,-7.25368524252
2000-03-17,-3.47337546578,-0.430569559267,12.0060007153,-7.40891978223
2000-03-18,-3.0544191633,-0.147375972767,12.2852318158,-8.68110984357
2000-03-19,-2.17654782391,-1.60745085921,12.1311251934,-8.7761512373
2000-03-20,-2.43770595616,-1.17019508471,11.750999792,-7.65079877591
2000-03-21,-2.1326143869,-2.16226728111,12.9792077825,-6.79733644035
2000-03-22,-2.76993592108,-3.08539162148,13.6036715753,-6.16410168812
2000-03-23,-2.58717130511,-1.72475799186,14.1646818826,-4.64838971318
2000-03-24,-1.7991715824,-4.42982044567,14.5541669082,-5.27977362862
2000-03-25,-2.32756425624,-3.37014038418,14.8097932759,-5.48652942047
2000-03-26,-0.59449971634,-2.09895643934,14.488804603,-4.85940379863
2000-03-27,-2.60858167976,-2.04914718386,12.3447361979,-4.92737725749
2000-03-28,-3.53858693436,-0.670549766793,11.6072442403,-5.22828633362
2000-03-29,-3.46766016566,-0.520945453505,11.9276020222,-5.00475484736
2000-03-30,-2.0984257839,-1.37228273236,11.332093102,-5.26967330432
2000-03-31,-3.68894882071,-1.7218134649,10.5122959762,-4.87617490235
2000-04-01,-2.60629797378,-2.54535322961,9.77951079791,-5.00594829846
2000-04-02,-2.53273982711,-3.70033091688,8.02719783959,-4.51366716402
2000-04-03,-2.54706024961,-3.42845820262,6.49899880649,-5.30655208825
2000-04-04,-2.77023303882,-1.27124114289,6.94598992202,-5.04980653719
2000-04-05,-2.79680187906,-1.92309225424,8.75903735451,-5.19003301018
2000-04-06,-2.85725160214,-3.17993817203,8.20089231894,-4.129191787
2000-04-07,-0.89534861058,-3.89580787739,11.5009573974,-3.96695414953
2000-04-08,0.942642137758,-3.60430144991,10.5436063115,-3.48947571436
2000-04-09,0.0116028504672,-3.63407750172,11.305678056,-3.16328288628
2000-04-10,-0.124258044963,-2.84127063497,11.1316256858,-1.34928630261
2000-04-11,-0.019683824474,-1.37473637738,10.9993003204,-0.432864824169
2000-04-12,-0.515388562642,-3.14632584355,10.6734035764,-0.739957997965
2000-04-13,-0.625096030019,-3.53604289464,11.7658305544,-0.881703283559
2000-04-14,-0.723545660681,-2.4840785932,10.3290037623,-1.72838361021
2000-04-15,-0.71476537891,-2.98118996805,9.21051651838,-2.62474432549
2000-04-16,-0.651455992292,-4.0234465918,10.9172462602,-1.37645416673
2000-04-17,0.49494311197,-3.42344653251,9.19745758745,-2.25753275117
2000-04-18,-0.399561311223,-3.91803083866,9.3701677483,-1.85751554768
2000-04-19,-0.483327401085,-3.80058612404,9.95377237232,-3.56773939686
2000-04-20,0.404056597253,-4.11817422377,9.21720657166,-2.86269468701
2000-04-21,0.751171227295,-4.90397629579,10.0262941294,-4.09931321784
2000-04-22,1.25510083704,-5.23534567284,9.98341704223,-4.72716923493
2000-04-23,0.754851658741,-6.15523959223,9.29884431475,-7.24499613807
2000-04-24,2.02328402234,-5.15332236681,7.57258487452,-7.97432893397
2000-04-25,1.47415097965,-4.3814134754,7.630444462,-6.83020205378
2000-04-26,2.68214890176,-3.70901492692,8.4652763864,-8.46453704814
2000-04-27,1.81698594561,-3.68094004999,8.94128902898,-8.85066033937
2000-04-28,1.13291346817,-1.42164164536,9.21565425032,-6.95232602427
2000-04-29,0.93754430302,-2.92952615217,9.83311458111,-4.95767426837
2000-04-30,-0.0315554935442,-3.06551064393,8.65305479647,-5.57333844101
2000-05-01,1.29542036428,-3.30046684864,10.2677999449,-7.29785961004
2000-05-02,0.515545731226,-3.56144793664,9.19056645528,-7.61918774268
2000-05-03,0.942252397419,-2.45942129856,9.43531653698,-7.79076336803
2000-05-04,-0.167908148131,-1.50009222939,10.0322237884,-8.13704397263
2000-05-05,-2.26737871048,-1.34110689374,10.2488676558,-9.06037808314
2000-05-06,-2.61808774785,-1.01424086979,9.95130412397,-8.98596369532
2000-05-07,-1.15125598354,-1.94850518769,9.25639674728,-7.56494261566
2000-05-08,-0.111799278693,-0.491205584917,9.4325855179,-7.08154010881
2000-05-09,-0.865181757037,-0.752911455474,8.09575191941,-7.99744111105
2000-05-10,0.198592561179,-2.10417301072,7.70697909826,-6.63453104049
2000-05-11,0.352130095384,-2.37867911419,7.05034874207,-5.68605707604
2000-05-12,0.984751041905,-3.7319529124,7.28464272078,-5.70724276472
2000-05-13,2.57474796374,-4.16938469398,7.24440816272,-4.80382928052
2000-05-14,2.42205991094,-5.20875430146,6.05414041207,-4.57136989123
2000-05-15,3.88101338409,-5.45028360917,6.84313567131,-3.006095645
2000-05-16,3.35274227728,-5.36023207888,7.81556752717,-3.27847069713
2000-05-17,3.49161796774,-4.6969988009,8.16416160172,-2.57492212487
2000-05-18,4.71829658703,-6.46975950102,9.22474918509,-1.67843119969
2000-05-19,3.87819784583,-7.14818789757,8.64147213587,-3.63958569404
2000-05-20,2.69030744257,-7.31141270588,11.1739409189,-4.63268794735
2000-05-21,4.00610297104,-7.50957551149,9.85033922552,-5.59955578513
2000-05-22,3.31287603115,-7.85631270573,11.2128066212,-5.1252342434
2000-05-23,2.94665090914,-9.37542778289,10.7704568355,-5.42386213535
2000-05-24,2.58662641349,-8.5072839872,11.7787971633,-7.05483724631
2000-05-25,2.22616913604,-8.26328956995,11.5031418857,-7.56530867136
2000-05-26,2.56240998489,-9.45524730802,10.6299197918,-6.90105295898
2000-05-27,1.08106073525,-8.50528915372,9.13167832539,-8.05945576515
2000-05-28,0.946727213754,-6.76195549213,8.89152070895,-8.64310723419
2000-05-29,1.78689195165,-4.83613215936,9.54072380229,-9.1433209291
2000-05-30,4.24728737926,-5.48130039683,11.2775822262,-10.9720349194
2000-05-31,4.50225397862,-4.63996297708,10.2786777875,-11.5649023023
2000-06-01,2.12818044682,-2.9079382893,9.09169973429,-11.7142626787
2000-06-02,2.08958598456,-2.74652887966,9.69258070166,-10.8534492315
2000-06-03,1.10007770524,-3.46844065163,10.0605808805,-11.2795815059
2000-06-04,-0.249997563227,-2.91232911397,11.5829773822,-12.022681251
2000-06-05,-0.331977303961,-3.39296295595,11.1616815214,-11.8835385406
2000-06-06,1.97332568844,-4.30322405339,10.0773774201,-13.4610082967
2000-06-07,0.139112894656,-5.35912978484,9.68504626409,-14.8268640378
2000-06-08,-0.388756619317,-4.60636490099,8.80304319148,-12.5773725375
2000-06-09,-0.210843808522,-4.63003854577,10.0113307412,-12.4933466629
2000-06-10,-0.782708852053,-4.36042973896,9.64030649702,-12.9523421395
2000-06-11,-0.918168220652,-3.82308809959,9.85393262695,-12.5547695676
2000-06-12,-1.95498830651,-3.18786362163,7.46799122767,-11.650675012
2000-06-13,-2.59189339305,-2.33591087799,7.98937527523,-11.6556572286
2000-06-14,-4.0254897701,-1.60426698865,8.85658676879,-12.5858812924
2000-06-15,-3.80199235406,-2.19472322599,7.99369264675,-12.3713561043
2000-06-16,-4.6456317369,-1.9498685302,9.03172181295,-10.3003304804
2000-06-17,-3.92321869692,0.207428284336,7.39807940596,-9.08119235847
2000-06-18,-4.26477289587,-1.67764728323,7.09215098942,-9.41639201412
2000-06-19,-4.77149565407,-0.741883833302,7.90900121287,-10.0454357528
2000-06-20,-3.77352516991,0.264080622517,8.27665398187,-10.5729139173
2000-06-21,-4.37593749557,0.519264773137,7.01293888228,-9.98216496314
2000-06-22,-5.49950798565,-0.305800168533,6.81538047086,-9.17662949113
2000-06-23,-6.80646300404,1.84690245592,5.6701144177,-10.3366632543
2000-06-24,-5.85468315012,0.924610552126,5.68388709058,-12.3506836887
2000-06-25,-5.40905276422,0.290822812839,6.81465374188,-12.9545359721
2000-06-26,-3.6878716766,1.28596233526,6.10943991994,-13.0898620519
2000-06-27,-3.41924200623,1.81561287397,6.83235023958,-12.7543898431
2000-06-28,-3.50650541637,1.51329154568,8.11312303047,-12.2550356019
2000-06-29,-3.35004755955,0.114165946509,6.22426518484,-13.7452343683
2000-06-30,-2.91213312297,2.25260101707,5.90094363464,-13.4396639787
2000-07-01,-4.60436728745,1.46714563403,5.88056290102,-13.6761785913
2000-07-02,-4.53465257682,1.08085780489,7.38686191585,-14.1567068423
2000-07-03,-4.52848608777,-0.814024683804,7.4520209848,-14.748775638
2000-07-04,-3.08082016934,-0.270635467852,5.66805791341,-13.2541841659
2000-07-05,-3.25645293827,-0.674908636101,4.63078958678,-13.5077605835
2000-07-06,-4.07082436177,-0.641972008887,4.6985269947,-13.0651088034
2000-07-07,-2.96791674625,-0.639094855663,6.78195478579,-12.782380195
2000-07-08,-3.64102248346,-1.56114505819,6.64408454252,-12.7722244571
2000-07-09,-3.81905314241,-1.13679394713,6.16006344162,-10.2471598077
2000-07-10,-2.51495402186,-0.930753836541,6.20537476687,-10.1375844874
2000-07-11,-3.08662074439,-1.22766757871,5.95233363926,-11.2560283076
2000-07-12,-3.43075392262,-0.709251369787,6.77682292242,-10.3478683373
2000-07-13,-4.03613115387,-0.702697259113,7.0676842356,-10.0876387813
2000-07-14,-3.74798987997,-1.72767819034,6.58903842543,-10.0759395377
2000-07-15,-2.89399526687,-0.296683237818,5.72373549639,-9.54632695202
2000-07-16,-2.30424581219,2.1694464618,6.00600582109,-9.10002229368
2000-07-17,-2.11914852379,2.50512382415,7.29413177558,-10.1964763863
2000-07-18,-2.85512375223,2.60322775121,5.57925537705,-10.6219122884
2000-07-19,-4.37727337981,4.14707616242,5.49945096143,-10.1694694919
2000-07-20,-5.32888021633,3.35087114161,5.39591950332,-10.3230229577
2000-07-21,-4.4480236158,2.67428664856,6.09635770851,-9.61850960009
2000-07-22,-5.30481387874,1.09295368429,5.59862206758,-9.21637770193
2000-07-23,-4.92382732544,1.65024765596,6.02462200371,-7.71693296024
2000-07-24,-6.16075048398,3.49697878825,5.7675068102,-7.66675810987
2000-07-25,-6.01467033905,3.84468538633,4.2906597904,-7.90244519121
2000-07-26,-5.66497828318,4.6909278258,3.86996383211,-8.00318630155
2000-07-27,-6.22146568036,4.53826393312,2.47028382027,-9.15235594071
2000-07-28,-5.65958225487,6.92783687913,1.87429716448,-9.80090811014
2000-07-29,-5.76160694497,6.40014053059,2.67819921194,-11.1381011059
2000-07-30,-6.54338838871,5.61235987885,2.97871343016,-11.5429787304
2000-07-31,-7.76643460367,4.48104611431,3.27157462447,-10.3399081841
2000-08-01,-7.38615328754,4.56793883916,2.97942677769,-9.70573035043
2000-08-02,-7.2006724904,4.67012670294,2.54551101477,-9.2438916914
2000-08-03,-8.83574886964,5.48430271496,2.82115843496,-9.82342187594
2000-08-04,-8.24809107854,5.09458361302,1.34666853177,-10.0648779082
2000-08-05,-7.18615093719,5.08688008306,0.0009250247848,-10.5407201464
2000-08-06,-6.64806027379,6.09426050256,-1.10313877334,-11.4674652488
2000-08-07,-7.29058443335,6.30422349375,-1.85011302789,-11.7017115365
2000-08-08,-6.68448330255,6.59509990243,-1.05296254087,-13.0896932779
2000-08-09,-7.02467427328,6.89473091568,-1.08947895862,-13.8232124028
2000-08-10,-5.10022613203,6.65787277436,-0.00700220390497,-14.1755332481
2000-08-11,-6.4246632301,7.10852544101,0.0839845349864,-14.0862259584
2000-08-12,-6.44297298298,7.71019784641,1.40294608019,-14.4697468877
2000-08-13,-6.59382672409,6.83181545007,0.934494215151,-15.4766113868
2000-08-14,-5.84407519611,5.36877724478,1.18941585613,-17.4148141219
2000-08-15,-4.82582454867,6.72768918033,1.2093765785,-18.6853293862
2000-08-16,-4.86480286923,6.23671043083,1.16529356534,-19.9718540965
2000-08-17,-3.82356072792,5.58905767187,0.678425714036,-18.475483044
2000-08-18,-3.27981229967,6.18133037482,0.550636296936,-18.4716367898
2000-08-19,-1.53463275798,5.40740126991,1.29235921311,-18.0857062434
2000-08-20,-5.40358272667,5.9243037398,2.00547348575,-19.7405888187
2000-08-21,-7.212177789,4.88555778239,2.99743700903,-19.9813553896
2000-08-22,-7.11973369103,4.83299765786,2.69454789631,-19.1982877341
2000-08-23,-8.09977220569,3.77357219186,3.67511109686,-18.6493379837
2000-08-24,-8.61998150261,4.94458900685,3.53220991124,-18.0732119206
2000-08-25,-8.36158419094,4.90483234737,3.80140374377,-17.5235922419
2000-08-26,-6.79108661144,4.30877960977,4.23692356096,-17.6561463191
2000-08-27,-6.09724727824,4.31091971544,2.84298619461,-16.1920166268
2000-08-28,-5.17222845247,5.81992084792,3.1416786404,-16.6725489964
2000-08-29,-4.22058496681,4.84418249908,3.44795955769,-16.2851976921
2000-08-30,-2.43083838298,3.47749471135,4.27451052245,-15.1857848945
2000-08-31,-3.60366861019,4.34233151994,4.43532999213,-15.0526942279
2000-09-01,-3.70277153821,3.58184031624,5.48300828793,-15.3510602437
2000-09-02,-2.90744100301,4.11822411272,5.22600868596,-15.0542470788
2000-09-03,-3.54516084788,3.45825327629,5.18748786562,-14.3491341561
2000-09-04,-3.70378118944,2.40462220868,5.35034699294,-14.6547545843
2000-09-05,-3.56656405939,3.18521884102,6.09045775062,-13.386598591
2000-09-06,-2.20171814693,2.79388245034,6.54234721001,-13.6537242387
2000-09-07,-2.33584563651,3.43543028967,7.26850269991,-12.3476281739
2000-09-08,-4.45220356379,2.99816997129,7.987021813,-13.1518623949
2000-09-09,-5.01174777095,3.07369251737,7.39986928337,-13.3645506205
2000-09-10,-3.35751128097,2.02261221371,7.62175875334,-13.4470907935
2000-09-11,-2.29470645738,1.61566768339,8.97293573613,-12.5644099515
2000-09-12,-3.74282817501,2.08000050433,9.55823826165,-13.3685311525
2000-09-13,-5.19133331359,3.78099951713,10.9406734874,-13.1446278432
2000-09-14,-5.05551474249,4.03842011901,10.6629729662,-14.3769256866
2000-09-15,-5.01678262044,2.2527655135,9.72350963113,-14.4337364391
2000-09-16,-4.26205532277,2.96607107896,8.65749314281,-15.741681376
2000-09-17,-3.79972263046,2.96024055339,9.2476565711,-16.0416074727
2000-09-18,-2.66182366225,3.84147938633,9.93267143556,-13.5696225056
2000-09-19,-3.97247965653,4.41355967659,9.93403536496,-14.908964756
2000-09-20,-4.30623556092,4.75467123303,10.4567807085,-16.1135898718
2000-09-21,-4.33774347859,4.17744113097,10.5822282735,-16.726052971
2000-09-22,-5.35834462327,5.28956058559,11.8353191456,-16.8281930219
2000-09-23,-4.85631822855,5.54787429078,13.4409867295,-17.0499998807
2000-09-24,-4.86697099436,5.70144192466,13.3511656878,-15.7193547481
2000-09-25,-4.23928852425,5.34448680818,14.9788930514,-16.5518755467
2000-09-26,-3.55237555636,5.82280892993,14.3054895122,-16.7434337257
2000-09-27,-2.6640204205,5.83938359823,13.1145189347,-15.8631838321
2000-09-28,-1.87664154011,3.77083325672,12.3329729814,-16.3524445509
2000-09-29,-0.628356810281,3.73246893814,12.0800459859,-16.5349113232
2000-09-30,0.611343597169,3.77904325783,11.9820834772,-16.80783648
2000-10-01,-1.7197925928,3.24811475455,12.2863231741,-17.1662993771
2000-10-02,-1.38205481187,4.60526655055,13.0751111758,-15.499352761
2000-10-03,-1.49573612099,6.80182927437,12.2493532623,-16.0544574204
2000-10-04,-0.199376628998,6.68412461854,11.8011068507,-17.3733164126
2000-10-05,1.54730705629,7.5143138082,12.2117433719,-16.8742404978
2000-10-06,-0.30237936215,7.41474765937,11.5805596468,-16.3725191072
2000-10-07,-0.813988468428,7.19423153155,11.3660039258,-16.2274333241
2000-10-08,-0.651106409762,7.61700509371,11.8625845031,-15.3703446612
2000-10-09,0.0843269253946,6.47960971711,12.2445216433,-14.1696501076
2000-10-10,-0.281734917168,6.31077667365,13.0088864345,-14.975468194
2000-10-11,-0.507392690946,6.74569047895,13.3079864983,-15.6228157672
2000-10-12,0.121982925494,6.06975932077,13.367609413,-15.0928994645
2000-10-13,0.884272937944,6.09150071822,12.3991531486,-15.4490316952
2000-10-14,1.23689209491,5.93390700974,12.6802741828,-16.6186131369
2000-10-15,1.25330831285,6.97301314687,12.2264607355,-16.2383109939
2000-10-16,0.784515676458,9.03876861427,12.2302326912,-17.9256682419
2000-10-17,2.37573592345,9.74192109017,11.9495297494,-18.0154137958
2000-10-18,1.51445291961,8.76298335898,13.3135503787,-18.6587680837
2000-10-19,0.795301540044,8.60175820486,13.2265005535,-18.6280901715
2000-10-20,2.01615202163,8.15519726272,13.5258547149,-19.8379143435
2000-10-21,2.69964645272,8.79608936222,15.4338381088,-19.5607842942
2000-10-22,4.07747770684,9.22012380806,14.7169655693,-17.8931126357
2000-10-23,3.87500306404,8.57690359827,14.4557908786,-19.7080410779
2000-10-24,2.54677689264,9.62256241508,15.5075999683,-21.0314066851
2000-10-25,0.772190699787,9.38525999716,16.0032724312,-22.6707530922
2000-10-26,0.276712570652,9.37205038922,15.871110477,-22.186269317
2000-10-27,-0.669355964029,9.41739302291,15.2407274173,-21.4235582091
2000-10-28,-1.61441102856,8.57492073777,15.6341224372,-20.0805757403
2000-10-29,0.0115047545564,10.4125205979,14.240106503,-20.918975773
2000-10-30,0.441127809217,11.2018244821,13.7966002253,-21.7351942411
2000-10-31,1.00018862833,12.2845241457,12.4920480442,-20.0567466276
2000-11-01,2.39992200789,11.7794638894,13.8039032442,-21.3551827695
2000-11-02,3.09252341871,10.3767647222,12.298972936,-21.1716819671
2000-11-03,4.41774540929,11.6046013176,13.6400981943,-22.0064165521
2000-11-04,3.32664631487,11.9634117329,13.9717357946,-21.4649012465
2000-11-05,4.23284651818,12.4900655519,13.8464240712,-20.4993587935
2000-11-06,5.18369686958,11.5514910747,12.8821953472,-18.9212557886
2000-11-07,5.07865323589,12.7535172885,14.3217540476,-17.4076978263
2000-11-08,5.35192379942,11.6797967669,14.5662905934,-16.1589522856
2000-11-09,4.90898442544,11.9380034642,14.9499928158,-15.1062126772
2000-11-10,3.38773645,12.8155259828,16.7216991712,-16.1185173507
2000-11-11,3.01675558102,13.8933665244,15.8381240671,-15.8840732733
2000-11-12,3.80062304773,14.0628127128,16.1399647737,-16.221791634
2000-11-13,5.32144460168,13.9961856677,16.1130028193,-17.0913973147
2000-11-14,3.47977181342,14.8034726,16.4618708951,-16.563450307
2000-11-15,2.8296662923,15.160455247,16.5210159252,-15.6517969836
2000-11-16,3.30614156033,15.0787109714,15.463841388,-15.3511649427
2000-11-17,2.27568301917,13.221811688,15.3302854357,-15.8103087976
2000-11-18,2.36200197645,11.8263198416,16.1707746974,-16.1358628203
2000-11-19,2.26640335904,12.8660133789,16.034095198,-16.5294290692
2000-11-20,3.62819943787,12.5049560047,15.5141037255,-15.7715013406
2000-11-21,4.59441612728,12.0239840412,14.5162578693,-16.8654430998
2000-11-22,4.85781404696,11.6392835008,14.9074227949,-16.6040931539
2000-11-23,5.55387588845,12.4785117006,15.462179168,-18.6512551077
2000-11-24,5.17810799137,13.9280434914,16.8359871083,-16.9284237697
2000-11-25,6.2671608505,14.332941406,17.0677733614,-16.9526102902
2000-11-26,6.50776446644,14.7926290414,15.9726062093,-17.4346753154
2000-11-27,6.79509231728,15.3784164069,14.7688426906,-16.292689259
2000-11-28,7.36053560775,16.9738160136,14.6175167487,-15.660939132
2000-11-29,6.64233608862,14.8701974799,17.1524022343,-16.347437153
2000-11-30,6.05717557272,12.6142832183,16.9158339924,-15.9189872378
2000-12-01,5.78033027087,12.924150753,18.1546943457,-16.9998667057
2000-12-02,5.12205462065,11.9935625076,17.9671626529,-17.7857694737
2000-12-03,6.22219618839,11.3344876115,17.0603855815,-18.2916686919
2000-12-04,7.10033253109,10.4349242165,15.3583478072,-18.5397659725
2000-12-05,6.99922530189,11.1303959863,15.5508515798,-18.1703083875
2000-12-06,6.74633819734,11.0954058441,17.2083370372,-17.6247370559
2000-12-07,6.30630950993,11.5564386587,17.1376748402,-16.0321261567
2000-12-08,5.80179895762,12.7636973305,16.7166210294,-16.4546598456
2000-12-09,4.50146548861,12.7490799299,17.2915088392,-16.2772809546
2000-12-10,5.18241391578,13.3897829273,16.9062308212,-16.7093792838
2000-12-11,6.70459702202,13.5485007469,16.9843520735,-18.0254188682
2000-12-12,6.69834234621,14.1471324125,17.1329699694,-18.4239762173
2000-12-13,6.88376654669,16.0011026814,17.7634557857,-18.3560521531
2000-12-14,6.84249234215,15.9924292396,17.714745826,-17.6167953855
2000-12-15,6.36532374662,13.778556478,18.3830503916,-18.8875894252
2000-12-16,5.64620931143,14.4743179349,16.9524548422,-18.3320974908
2000-12-17,6.18877776408,13.3255041047,16.4901714519,-17.4444480259
2000-12-18,4.03515241705,13.0404874631,16.658634299,-19.380504635
2000-12-19,5.62972911441,13.701558488,16.7300743764,-20.5680808128
2000-12-20,6.21888160855,13.8806427466,17.1325914526,-20.8053232449
2000-12-21,6.23058021676,14.1336555942,15.1785267363,-19.2334302996
2000-12-22,6.1150061291,12.9813489156,14.4047321511,-20.3583723967
2000-12-23,5.10915517019,13.2837582385,13.6877451171,-21.244556051
2000-12-24,6.28040963734,13.2694460644,13.1697404068,-22.0394405424
2000-12-25,3.48316148474,12.7233372986,12.8485944221,-21.3844509168
2000-12-26,1.9727829996,11.2370418959,14.2812639787,-20.933017677
2000-12-27,1.59564164092,10.8830906514,12.3773234824,-19.4307198797
2000-12-28,0.243703316553,10.3863286434,11.0763420701,-17.3013703186
2000-12-29,1.8220623993,9.14635186341,9.74660870665,-17.8852109266
2000-12-30,1.33598049346,8.71254417088,10.8074151813,-17.7450414956
2000-12-31,0.741002899664,8.17166218826,11.2619597422,-17.1234328944
2001-01-01,2.87669890275,9.65290910908,12.2533535103,-16.8427178428
2001-01-02,2.31105526488,9.64980355548,10.4711916471,-17.0792546409
2001-01-03,2.5186581809,9.61241831459,10.9862623168,-16.1305699208
2001-01-04,2.57174843982,10.1222758838,10.9690543965,-16.6088234078
2001-01-05,3.44068207136,11.8655877468,7.42773396453,-17.7287181351
2001-01-06,5.26296368207,11.5681146372,6.5747787017,-18.1927362018
2001-01-07,4.13368707197,13.3961302524,7.02088844016,-18.2591905537
2001-01-08,2.62938895163,13.7474319468,8.5427843733,-18.318232404
2001-01-09,2.72265048884,11.7219124851,9.37976321934,-18.1018467444
2001-01-10,3.34373338081,9.82655966876,10.1927272473,-17.54611308
2001-01-11,4.0125493444,10.132925417,10.7760557055,-18.1543457136
2001-01-12,7.0215057895,10.4222385857,11.5076029699,-19.4650536996
2001-01-13,7.64398648767,10.982174739,9.62727069005,-16.8651344327
2001-01-14,7.0668063432,11.3929450788,10.3762386833,-16.8325838912
2001-01-15,6.34872525005,11.2103907527,11.4690630423,-15.2872546021
2001-01-16,6.33214774659,11.5969932586,12.7122661559,-16.5109616828
2001-01-17,5.23588212141,12.0536695,11.948331881,-15.4962388537
2001-01-18,5.58273717452,11.0169617021,10.7413634401,-16.3865197401
2001-01-19,4.99662743079,11.5967306196,10.543540447,-17.275094271
2001-01-20,6.31668863936,12.6610795001,10.1834575529,-18.6350307675
2001-01-21,6.53495180199,13.2404916004,9.46935436248,-18.6083305831
2001-01-22,7.37701771124,12.7970866474,10.1023771743,-17.9249488139
2001-01-23,6.62423368943,12.6812815569,10.7046252031,-18.5658160681
2001-01-24,6.11078677256,13.2132632219,12.3118455342,-18.4484683976
2001-01-25,6.02606404484,13.6503940157,13.1173500869,-18.0687017812
2001-01-26,5.41168897308,12.6447546427,13.1374157932,-17.7563955674
2001-01-27,2.90709086429,11.4997895629,14.2027317224,-16.9860345107
2001-01-28,1.65481900388,11.7471332322,13.1378100001,-16.1095633771
2001-01-29,2.08495186988,12.5472392776,13.439493662,-16.0806837916
2001-01-30,1.42996753802,13.2363313004,13.9078875062,-16.2882986174
2001-01-31,0.341875060344,13.1814347867,14.668544362,-16.032405022
2001-02-01,3.12785107797,11.8051028254,15.2847971281,-17.40021044
2001-02-02,3.70785855711,12.2562662755,15.3216927984,-17.3123778318
2001-02-03,3.89993305396,11.3617378116,14.0217997206,-17.26846359
2001-02-04,5.09187703766,10.0572981794,15.3328040826,-18.2735486148
2001-02-05,3.31045323119,9.38930347893,15.8957754842,-19.1628722899
2001-02-06,0.977974737858,10.1330120625,15.9456381837,-18.7689598735
2001-02-07,-0.422808697266,9.53379780392,16.1557685675,-19.3879660895
2001-02-08,-0.0689157639684,11.7985865043,16.5632771866,-18.5866541877
2001-02-09,0.382329636063,13.3822091057,15.5293076352,-18.9320871287
2001-02-10,1.78568170097,14.958047975,14.811170875,-17.9629401645
2001-02-11,1.54080869114,14.7664322592,15.0685523146,-17.0888551428
2001-02-12,0.163842618676,14.4103091378,16.1340639852,-16.0100334761
2001-02-13,-0.617011495929,16.0650369919,16.4989425692,-15.8533417328
2001-02-14,-0.275300129483,14.5638473021,15.8658717571,-15.2254019448
2001-02-15,-0.2939500742,14.0720432046,15.12173249,-14.5150626333
2001-02-16,0.806652246532,13.8294406626,15.079392913,-14.7183753702
2001-02-17,2.19376139739,14.2399678077,14.1983605493,-14.8270625834
2001-02-18,2.28919794474,14.2882663328,15.138693243,-14.7638969903
2001-02-19,2.66707536996,14.367053814,15.2079295593,-14.3760437399
2001-02-20,4.5889016548,16.7175885787,15.3134388876,-15.9509375739
2001-02-21,4.07564805339,16.3597228545,15.7371339322,-16.3965387187
2001-02-22,4.50084038037,16.1285836433,13.8030945929,-16.9466359859
2001-02-23,5.07066210172,17.1660295585,12.6752217061,-17.7365328074
2001-02-24,6.35286052435,17.2864872152,14.1051316446,-17.1153667669
2001-02-25,7.33905391346,15.9023855771,15.3799867409,-16.7390227089
2001-02-26,9.52560392726,14.171116301,15.4067748489,-16.5973015506
2001-02-27,8.59648462717,13.7663324791,16.7694750342,-17.0889443031
2001-02-28,10.2584578126,14.5021324505,13.9891237095,-15.859502613
2001-03-01,10.3333814492,15.3292127981,13.4575438091,-16.663676701
2001-03-02,10.4863126257,13.9675619376,13.8515946239,-16.1328134579
2001-03-03,9.64995177445,13.9164109914,13.8482837778,-16.582935519
2001-03-04,10.6120253701,13.4951169345,13.6227615261,-16.1191375484
2001-03-05,13.2579837537,12.56910798,12.5332540464,-16.8156563431
2001-03-06,12.8473016268,13.1171903761,12.2855759677,-17.5549628074
2001-03-07,13.5005133754,12.2301764942,10.6021090877,-18.228608016
2001-03-08,14.0842264161,10.970248204,11.5902811534,-18.5580409224
2001-03-09,14.5550570238,11.6145795357,10.7390514969,-19.6107228977
2001-03-10,13.9968155531,12.3311627093,10.1119642338,-18.7858495078
2001-03-11,14.8829496656,14.3476332122,9.46433973482,-18.3567961448
2001-03-12,14.7025196954,14.853043639,7.90109717262,-18.7559756027
2001-03-13,15.491728156,13.8569304731,7.76476610771,-20.3115413594
2001-03-14,16.6594507697,12.8682342377,6.12335845101,-20.8531374956
2001-03-15,16.7291114843,12.6526343082,7.1166754196,-20.4931844657
2001-03-16,18.5293937496,12.8049214665,6.97986736481,-22.570125424
2001-03-17,18.8753781734,12.2063138032,7.91720868549,-24.0288445749
2001-03-18,16.9678409443,15.0350007257,9.15184105724,-22.6964798902
2001-03-19,17.3386463036,16.2246676246,8.23630675371,-21.8555396155
2001-03-20,16.8108960035,16.86963188,8.80964405754,-24.2506928771
2001-03-21,16.5191937772,17.6343768527,8.20010705059,-24.5874680163
2001-03-22,17.328372947,18.0096425383,6.37171159003,-23.3725026804
2001-03-23,16.6711505592,19.2319657969,7.13217657265,-24.1568630086
2001-03-24,18.9669226877,21.167366501,7.00061775811,-23.8910922939
2001-03-25,17.8437625904,22.3964933092,6.02047658858,-25.3116388533
2001-03-26,18.8283691637,22.6089800945,5.78664789958,-26.5251371644
2001-03-27,20.1975092445,23.5711213627,7.56586615879,-26.0624153427
2001-03-28,20.8618490261,23.8878323005,6.37009453657,-25.6689548978
2001-03-29,22.4124770217,24.4686551733,6.31802467964,-25.4509260275
2001-03-30,22.5522806423,23.38135253,5.96010526011,-25.2416952609
2001-03-31,20.3704248985,23.8445336248,6.6012874493,-25.549708929
2001-04-01,21.4024179354,23.1300026537,8.30517396875,-24.3088473416
2001-04-02,21.2603774907,23.6729564324,9.54820756304,-25.574868755
2001-04-03,20.8527228835,23.3400669836,9.57647525193,-26.5222691849
2001-04-04,23.8054615697,22.5253824636,11.7573272666,-26.9311764143
2001-04-05,25.3030075454,22.2846239694,12.20924232,-26.9356710814
2001-04-06,24.4826907999,22.3901082411,11.3417200291,-26.8780976316
2001-04-07,26.0369355592,23.400493856,9.29644842213,-26.1483577353
2001-04-08,26.4891086463,21.8955721947,7.85403859906,-25.9850059918
2001-04-09,27.8804168214,22.1027166305,7.9286340375,-25.8599898532
2001-04-10,28.1071715168,22.5497011349,6.82837168993,-26.907879182
2001-04-11,28.7432366348,21.3941241352,6.86335245825,-24.3753618953
2001-04-12,28.363827492,20.0829275106,7.48779370173,-23.0636080075
2001-04-13,27.8443132066,19.1830483456,7.91972655682,-24.1888587615
2001-04-14,28.0641460517,18.2968556777,8.07618123719,-24.8532512403
2001-04-15,28.1372992808,18.688697398,6.05074883931,-24.7601102027
2001-04-16,27.3166904018,20.1716993895,6.73272303276,-23.8591917895
2001-04-17,26.5745585302,19.7956080597,6.59473046623,-25.3353700694
2001-04-18,25.818222979,19.8790922001,6.59193354206,-26.3339734754
2001-04-19,25.7341444951,21.3096151941,6.02148747206,-25.213788452
2001-04-20,24.4205114306,21.7676407118,7.11709017629,-25.58605188
2001-04-21,23.6095611907,21.7053446614,8.32554451246,-26.7518061911
2001-04-22,25.4199689975,20.2965099728,7.10496026966,-27.1400817562
2001-04-23,26.8846327177,20.1950272716,7.48607665651,-26.4045156104
2001-04-24,28.1190281879,19.18640757,6.62972448583,-27.0849882218
2001-04-25,29.9961617851,19.8301071974,6.88283040095,-26.706765666
2001-04-26,27.7959218742,20.6961656691,8.74934080516,-28.3025867072
2001-04-27,28.6279865756,20.8034217977,10.1883276837,-28.6343102809
2001-04-28,27.9621709618,21.1496978031,10.0685901594,-28.0057851691
2001-04-29,26.9679072438,22.3250730361,9.39615360237,-28.6608933682
2001-04-30,29.199309585,21.9489015695,9.582655589,-28.6553965781
2001-05-01,29.0157105182,20.7076526733,10.071352022,-27.1709933731
2001-05-02,27.8327766078,20.6539918492,9.80483999717,-27.6766602293
2001-05-03,27.1172383953,21.5057460227,11.4094275582,-27.6190029741
2001-05-04,27.6881655976,21.2937819887,12.1492392436,-28.6170681224
2001-05-05,25.9517135037,20.2650943074,12.6601548547,-28.8182431025
2001-05-06,27.1497396654,20.9005175073,13.6623657059,-29.2510481428
2001-05-07,27.278597464,21.2976182752,13.6569077406,-26.5981379854
2001-05-08,27.4365142711,21.6867146246,13.5247857498,-27.7132833354
2001-05-09,28.0298518677,21.4183457808,13.3553337673,-25.6803890765
2001-05-10,27.7949432455,22.1942629216,12.483301858,-26.2322592835
2001-05-11,29.6098691297,21.2293240474,12.0996039815,-26.2589236998
2001-05-12,28.9361637348,20.5065391021,13.0937033743,-25.1656744742
2001-05-13,28.4847193323,21.2617474932,13.3133330925,-24.175488206
2001-05-14,28.7615489653,22.94871163,13.6236638269,-23.8544079244
2001-05-15,27.7801683641,24.012752652,13.8052026634,-24.1961059561
2001-05-16,28.4604907281,22.5525304865,14.5112088237,-24.2008965408
2001-05-17,28.5195283646,21.7429344747,15.113260717,-24.4281483662
2001-05-18,29.3483646601,22.8456644008,13.8311165893,-24.5152260539
2001-05-19,30.0877300445,21.8970641729,12.3384465046,-23.8956131427
2001-05-20,30.6809125755,22.463162059,13.7742113059,-23.6776450241
2001-05-21,29.6178303919,23.4760955759,13.735012222,-23.7451120779
2001-05-22,29.108394445,24.4050631971,14.2604242254,-23.5481393936
2001-05-23,29.8899859877,24.85236314,15.5044603,-23.6640598832
2001-05-24,30.9193193447,24.7563720951,16.2753312521,-22.9596976011
2001-05-25,30.8039092324,24.4512054018,16.3500754061,-23.96502185
2001-05-26,29.6080900791,23.0669461718,16.578055212,-23.6732033042
2001-05-27,28.028508391,24.3043301503,16.7434805421,-23.0860905931
2001-05-28,28.5112878313,23.6466997926,16.6368070708,-19.7911594949
2001-05-29,28.416943478,22.476569096,15.839574611,-19.4972347922
2001-05-30,27.9303247406,24.8772989753,15.5770428738,-19.0908331254
2001-05-31,28.1957525065,24.2430100919,16.6030377252,-19.1982632952
2001-06-01,29.2083937968,22.9104296016,17.7036127055,-18.4003007996
2001-06-02,30.2755334176,22.3006481008,16.770939187,-17.7399485346
2001-06-03,29.4741352487,22.3110584166,16.4574908965,-17.7155062187
2001-06-04,31.0219428794,20.9724006096,16.9916033813,-17.4189681188
2001-06-05,31.913384983,19.8560675207,15.5119889416,-17.0613444184
2001-06-06,29.8324397388,17.7898101396,15.1413393013,-17.1987811812
2001-06-07,30.6650825188,17.6835993759,16.7381110483,-16.1593876523
2001-06-08,31.7147388699,17.4804510166,16.7561992272,-16.256987864
2001-06-09,29.5917282966,16.0516662001,16.9865175101,-16.3172554908
2001-06-10,30.0404442077,17.6325722359,17.2994603818,-16.7831561582
2001-06-11,29.9901724814,17.5678034158,18.4446737572,-15.0633133022
2001-06-12,32.0067942699,18.3718115131,17.8953273752,-14.9898464406
2001-06-13,32.443590856,17.3882348412,17.6984519641,-15.0010103935
2001-06-14,33.1937256584,17.8000901504,18.2416955408,-13.8174887792
2001-06-15,32.7862643553,18.3420563058,18.9738150466,-13.543093165
2001-06-16,33.6899436258,17.3226512441,18.487074904,-13.3498840526
2001-06-17,33.5306662034,17.7057830223,17.4062419824,-14.63018495
2001-06-18,33.2730979237,17.8960215047,17.1316382594,-13.7050306487
2001-06-19,33.1505854579,17.115563743,18.0381680239,-13.9582872631
2001-06-20,32.3991865642,17.1673147734,18.4853516107,-12.9207458207
2001-06-21,31.1692454194,16.1063580974,18.9038066319,-14.3244230085
2001-06-22,29.7970502829,15.8475578685,19.4959636555,-13.5808953426
2001-06-23,30.012918269,17.181217933,19.9003735352,-12.5583265047
2001-06-24,30.5108331245,17.1205424034,19.9477845785,-12.0740524691
2001-06-25,31.1381196428,16.0860174666,19.4079780992,-9.91387214851
2001-06-26,32.2384902047,16.3521841452,18.2977877536,-7.56760827507
2001-06-27,32.563829096,18.0569080789,17.3326195725,-8.09303721088
2001-06-28,32.6952914409,17.3478664455,16.625768489,-7.78904757795
2001-06-29,34.2465180961,19.4456075001,15.8725086201,-7.03568867271
2001-06-30,33.7621316131,19.0414150543,16.0727598355,-8.28450250746
2001-07-01,33.683087533,19.4076351188,16.1669780117,-6.29699791177
2001-07-02,31.7133787954,16.0607898484,14.9941346825,-7.15460399896
2001-07-03,30.3323787689,17.3475366401,13.2477422438,-7.31096799598
2001-07-04,29.3285149906,18.1084657201,12.9510852347,-6.80472553737
2001-07-05,29.375948887,17.8622270425,11.761637085,-6.23588375989
2001-07-06,28.0993619614,17.4650903223,11.1249168908,-5.14198302485
2001-07-07,28.013559019,18.110417136,12.4307618037,-4.44775632164
2001-07-08,29.7350655375,19.3592273675,13.0033179103,-4.86509422172
2001-07-09,30.5338060959,18.4103137043,11.4093481431,-4.92691381723
2001-07-10,30.8483625555,19.70814158,10.8829795555,-4.6118910233
2001-07-11,31.4424763802,17.8402653151,10.5611791502,-7.02853004855
2001-07-12,30.8602129786,17.8946595299,8.96190197455,-9.63489349525
2001-07-13,31.2908903956,17.159508094,9.30060776638,-10.3628399894
2001-07-14,30.1133745297,18.7450129351,9.74111211459,-11.6071402851
2001-07-15,31.4442029835,19.2056640811,9.9976911297,-13.09700888
2001-07-16,31.1030230652,19.3722895274,10.0553913687,-13.8074627851
2001-07-17,31.1510304376,19.1554254482,10.1201256919,-11.9879631715
2001-07-18,32.3975431078,17.3914379764,10.1174502986,-12.1583194157
2001-07-19,32.6516549541,17.4167228937,9.9643435188,-12.3945507621
2001-07-20,31.3326556844,17.9164015994,10.4575082718,-11.8820032954
2001-07-21,31.0898762206,19.1350768515,11.0432782296,-11.6568644771
2001-07-22,29.7424947032,18.4392692694,11.2607267521,-10.9237916527
2001-07-23,29.7121732361,17.7096309904,11.6121532342,-12.2224676585
2001-07-24,30.7841720236,16.8120723963,11.2124256683,-11.9204137856
2001-07-25,29.8954001404,16.4600407137,11.706654003,-10.1206092042
2001-07-26,27.9973536198,18.2729003434,11.2407500171,-10.0869853137
2001-07-27,28.4170049968,17.9850473055,10.6292449167,-10.0630624816
2001-07-28,28.8007442642,16.3833180629,10.5166583163,-10.3626282673
2001-07-29,28.0193443984,16.0018682203,10.9486093682,-10.7024998859
2001-07-30,26.3616114795,15.4032108937,8.96080799199,-9.36984452023
2001-07-31,27.300605457,13.8910720944,7.51652314369,-9.00938076786
2001-08-01,28.0967871185,13.031843328,7.16666890721,-9.74541820936
2001-08-02,26.3933396129,12.6010214381,8.83869018259,-7.46312373853
2001-08-03,26.1250622958,12.6892898997,8.74775728273,-7.4173986857
2001-08-04,24.6734371227,10.3657149205,8.29401895906,-8.30335821099
2001-08-05,23.6237033546,11.4035903039,9.51678803706,-8.01288796851
2001-08-06,24.3932803668,11.6474923248,8.48041004988,-7.92101400211
2001-08-07,23.5435563008,10.7030747559,6.64482353378,-7.0688177094
2001-08-08,24.3235441288,11.4859337252,6.53148061991,-8.44713717834
2001-08-09,24.614774507,10.6446910334,5.03701206623,-7.20336232816
2001-08-10,25.5164730067,11.1921284149,6.20647665152,-6.7611872952
2001-08-11,24.1494464266,9.0560865945,5.58944803472,-6.88446810931
2001-08-12,22.8610485083,9.84071799504,4.720262714,-8.54841619889
2001-08-13,23.2342882478,9.46982294333,5.36881745069,-9.55874395412
2001-08-14,22.6072622478,9.04844147016,6.52760321881,-8.54142357419
2001-08-15,23.4080269718,7.05508117844,5.57766293759,-7.01964109622
2001-08-16,24.2754376878,8.20459174074,5.070548148,-6.52022125073
2001-08-17,22.7783246871,7.91948930602,5.30179139188,-4.87598575583
2001-08-18,23.4365795442,8.88701647246,4.92402052979,-5.42017932097
2001-08-19,22.8325401508,11.2628575117,5.66994633288,-6.07976449099
2001-08-20,21.5706817386,9.43243911921,5.37290563428,-4.26090702206
2001-08-21,22.3609209108,10.8126997674,6.44917767121,-5.27438750508
2001-08-22,21.4900004338,10.7799566928,6.75570007313,-6.23294232635
2001-08-23,22.0290403049,11.0594421544,4.89194069645,-7.9691866232
2001-08-24,20.2367031448,9.81630035943,3.52232368326,-8.14127683169
2001-08-25,20.618103258,9.55360694976,3.93997189147,-8.80008168004
2001-08-26,19.0319594072,8.5138611491,5.23928646093,-8.93880134537
2001-08-27,19.3788869284,8.84552257077,5.24727931012,-9.81796296698
2001-08-28,18.4692920839,9.00586218108,4.25588170925,-9.26410131926
2001-08-29,19.7696500487,9.38976561753,4.12202541136,-7.94668320552
2001-08-30,21.2802429686,9.23386497513,5.08570745444,-8.6520335104
2001-08-31,19.8856934983,7.99383676182,4.95562023991,-9.4871703288
2001-09-01,19.3005488267,7.50299820572,4.20410788463,-9.43962169105
2001-09-02,21.1772512449,7.36904085568,3.29162988888,-8.94717259694
2001-09-03,20.5524003337,7.46185061349,4.47636700781,-11.4885693337
2001-09-04,20.8288712381,7.64787248546,6.5630034803,-10.4954459895
2001-09-05,22.5329587436,7.52779861845,5.71986179913,-10.9858986973
2001-09-06,23.0174207807,8.39749086556,5.45311910115,-10.5062950319
2001-09-07,22.7592752807,7.71035410221,5.02871204561,-8.71750298815
2001-09-08,21.2594970078,7.69047265038,6.61235118926,-9.01759896449
2001-09-09,20.0678060411,8.15430641069,5.50644865407,-9.6391590606
2001-09-10,18.4468710229,7.94989447502,5.08354069223,-9.93262226638
2001-09-11,19.2884775138,9.90465262726,5.36990770467,-12.9945901327
2001-09-12,20.4773329722,13.5097946981,8.75453839149,-14.3340431538
2001-09-13,20.8230785616,14.3791725205,8.66644485618,-13.3360689699
2001-09-14,20.4122234548,15.1769842428,10.4533085087,-13.784813707
2001-09-15,19.1270711265,16.6306347214,9.35195582981,-12.4033985098
2001-09-16,19.2586285792,15.80481814,10.3289220665,-12.901417352
2001-09-17,18.390039121,15.3352590813,10.3544552912,-13.5060230459
2001-09-18,19.1057195999,16.7747208612,11.1658186759,-14.1730932177
2001-09-19,18.874488547,17.5111574433,11.8459303419,-15.2941703345
2001-09-20,18.3551750144,18.1195701553,12.1719689687,-15.3582839034
2001-09-21,18.3929862304,18.1654253548,11.2077538791,-15.2017329767
2001-09-22,17.4275901858,17.3796569563,10.8712300367,-14.710754871
2001-09-23,16.947168149,17.4657270986,9.89259944395,-15.7804941373
2001-09-24,18.0812836628,16.3820728157,10.2851009303,-14.2126667572
2001-09-25,15.8380758416,16.0666466794,11.3519648402,-14.8127397903
2001-09-26,15.5798148177,15.6296294074,11.4568064047,-16.1079219444
2001-09-27,16.4906932731,16.8032742751,10.8716204882,-14.8115620286
2001-09-28,18.2606288233,15.9291192386,10.9953205045,-13.97622453
2001-09-29,17.9770439797,16.0642779657,11.2775090566,-11.830185665
2001-09-30,17.9424497954,17.2287558251,11.8298080291,-12.3928239125
2001-10-01,18.7657741064,17.8915712372,14.6054766024,-12.629702711
2001-10-02,19.597598784,17.88994666,13.4008531905,-11.464088335
2001-10-03,17.6860484347,18.6401146491,14.1254258124,-12.8503957614
2001-10-04,16.705794173,18.9078188425,12.6454882074,-12.9638239316
2001-10-05,17.121028264,18.4857074819,10.7007741333,-13.3617239341
2001-10-06,16.85338393,18.4484619561,11.5528413338,-12.8579298754
2001-10-07,18.8309338244,18.2913836908,13.043087958,-13.6470186766
2001-10-08,17.9396454334,17.0941386897,11.9244423414,-13.2625742859
2001-10-09,17.4131743567,15.7113346343,11.8835579208,-13.9170407597
2001-10-10,17.9231213374,16.2106041421,11.7190505674,-14.0659278063
2001-10-11,16.1585976062,16.622035514,14.0221745119,-13.5992314933
2001-10-12,17.0663124207,15.6454674443,13.4463770142,-12.3585090161
2001-10-13,16.1628093431,15.6947388856,13.7018365681,-11.3765002724
2001-10-14,15.9221572506,15.486512609,13.6458463837,-11.5401778616
2001-10-15,16.4910034261,15.1031272109,15.1797313596,-12.127491738
2001-10-16,15.3686134227,15.1562989051,15.3925090415,-11.9367196883
2001-10-17,14.121341353,15.7949405273,15.9675753807,-12.8168911765
2001-10-18,13.2005164916,16.9743574209,15.7829234852,-11.6048463604
2001-10-19,13.6812732558,18.4021968195,17.5707035106,-12.0484554732
2001-10-20,14.7511879975,17.9168873891,18.207662341,-11.3021699576
2001-10-21,14.8460493577,15.893677617,17.9831656837,-9.95722953756
2001-10-22,15.0714292084,16.1039714436,18.0633942516,-9.63932873985
2001-10-23,13.2664382081,15.5816445375,18.2878671423,-9.34203987084
2001-10-24,12.6362629094,17.6893471655,17.1272278189,-9.89371461226
2001-10-25,11.6889632889,17.5893834487,17.7937643868,-9.99151968978
2001-10-26,12.7519844988,17.8377573864,16.8887600432,-8.2105056508
2001-10-27,12.9843099764,18.2512922027,17.0002992747,-8.67749229538
2001-10-28,11.9418401925,17.46227508,17.8772535043,-8.95216500051
2001-10-29,10.8713867282,17.2676929267,19.009507985,-8.69691259084
2001-10-30,10.8319623311,18.2423493721,19.2465304375,-7.33452990865
2001-10-31,10.7730273464,17.2116212958,20.2081196983,-7.1963032131
2001-11-01,10.069127955,16.605282073,21.3795626832,-6.73393916258
2001-11-02,8.91207015319,19.1353884054,19.351052673,-5.94352903914
2001-11-03,9.53607757794,18.9143526135,19.3633310054,-5.31323081445
2001-11-04,10.7595245326,19.4885973638,19.5070236902,-4.51991938175
2001-11-05,8.33934322589,18.1305003507,17.4929884988,-4.87901884624
2001-11-06,8.1335318163,16.9501645197,16.9897535851,-7.14663919969
2001-11-07,7.10749417551,16.2516893274,18.4634831317,-6.00327448562
2001-11-08,7.04724840416,15.4717194164,19.2374007143,-8.9520893455
2001-11-09,7.74796867029,15.2589600288,19.2601799388,-9.44604220585
2001-11-10,7.69475459897,13.4468258238,18.6144781131,-9.0149492312
2001-11-11,8.56144027414,13.1096388093,17.4227314807,-11.2756724069
2001-11-12,8.96146200736,12.6135152858,16.7845406885,-13.0243760698
2001-11-13,11.5580604682,13.1945557819,17.2635344785,-11.8685602864
2001-11-14,10.4451704855,13.464060645,14.9302854866,-10.7904510964
2001-11-15,11.1647447075,12.2781565955,15.5408166897,-11.6326824283
2001-11-16,11.3777313497,12.8530362643,16.0952901054,-13.5826708186
2001-11-17,12.2611307891,13.6410908939,16.4092815186,-13.6157474951
2001-11-18,11.2997723644,15.4716938286,16.1359263928,-12.4935457193
2001-11-19,11.079042286,16.0069536538,16.0662637247,-13.566716088
2001-11-20,12.352765703,15.3562538542,15.6255568173,-13.2230770262
2001-11-21,12.0855561967,14.4896024976,16.1677596812,-14.6922002631
2001-11-22,12.7305128873,14.4485925474,17.0194925376,-15.8697371021
2001-11-23,11.7846882059,14.0774449248,17.5711875587,-15.8336941643
2001-11-24,12.9448017745,14.6016256744,17.5160222562,-14.8692886167
2001-11-25,13.5083421849,13.255036638,15.8887855382,-14.9948295147
2001-11-26,13.722864556,13.2989170666,15.5530065701,-14.2053857729
2001-11-27,14.258461141,13.6417686142,16.2235532603,-13.1278727945
2001-11-28,13.6894173214,14.013628178,15.3082638465,-12.4567582207
2001-11-29,14.984372446,14.4158214783,13.6412423219,-12.0137785923
2001-11-30,15.045830683,14.5798362795,13.979152181,-12.7614693117
2001-12-01,14.6920482342,16.7733803285,14.3796789223,-12.8079376091
2001-12-02,14.6907354878,17.0290540882,13.9414802095,-14.3906365241
2001-12-03,14.4566188977,18.1773831564,13.5741875171,-13.5637466569
2001-12-04,14.7997111211,16.8196473075,14.6950909942,-13.5630434614
2001-12-05,15.5013311673,15.6798574739,14.632379435,-13.295498556
2001-12-06,17.0348837572,16.3549671937,14.6208925199,-12.5064953805
2001-12-07,16.5282868091,15.2199483914,14.5898895848,-12.3435434574
2001-12-08,17.3060379621,15.632692436,15.2692695935,-10.3056393791
2001-12-09,15.635240498,15.858745049,12.6468765019,-11.1310945168
2001-12-10,16.0814384837,14.1865162889,12.3585891014,-11.7976110794
2001-12-11,16.9122105835,12.3054199415,12.5732045669,-11.9079486552
2001-12-12,17.1586419854,10.4714543034,12.5779141421,-10.9716175549
2001-12-13,16.430458927,8.84233258264,12.7731675585,-12.0311142958
2001-12-14,16.6931293699,8.83332542921,12.2000544725,-13.4041625451
2001-12-15,16.4643169531,9.6050300679,9.30862976705,-13.1460907753
2001-12-16,17.2852408834,9.54557755336,9.64883745177,-13.9179202463
2001-12-17,16.1682817958,9.78371129503,7.56749017155,-14.6087037493
2001-12-18,15.2982129915,9.340306572,5.95582518009,-13.2187110825
2001-12-19,16.6109001365,9.44681838378,5.73075812259,-13.0536941664
2001-12-20,17.4105139535,9.01066691692,5.00358912619,-13.786131336
2001-12-21,18.9788499131,10.1187628424,4.5694588245,-14.2016497611
2001-12-22,19.1164252302,8.75256011325,3.54773689551,-14.8273384231
2001-12-23,19.1692519868,8.28647510368,4.16199826989,-14.069058433
2001-12-24,19.3933404715,8.34763195881,4.51233957797,-14.1245071493
2001-12-25,19.4455290475,8.48051257287,4.85328738206,-12.6510960135
2001-12-26,17.0931627623,7.47315534543,4.76715566231,-13.2693663401
2001-12-27,15.1896808084,8.32660081132,3.69964141437,-13.2484249506
2001-12-28,16.7036019949,7.92028550232,3.0409278817,-14.0868117642
2001-12-29,17.2900098903,7.33351387831,2.71230571626,-15.7922595699
2001-12-30,15.0375757739,5.53426804921,1.02125068115,-15.9473824021
2001-12-31,15.3100187655,6.07167796728,1.39135891212,-14.4854134344
2002-01-01,16.1418172854,7.11320220974,0.8202597389,-13.1710761443
2002-01-02,13.3103390823,7.54171701996,0.807744965274,-15.2636073241
2002-01-03,14.3903391745,8.37715866756,1.53809080075,-16.3199635451
2002-01-04,12.8527271914,7.78332707122,0.24575722101,-15.2906459748
2002-01-05,13.3973952644,6.90869310529,0.44265201567,-15.273924926
2002-01-06,11.4993047114,5.4632867949,0.944647403543,-15.2164613329
2002-01-07,10.7968427977,5.12067832572,2.25621973425,-14.4866397572
2002-01-08,10.0248144243,4.77506353449,4.07247594466,-12.936053054
2002-01-09,11.2870911882,4.86900158734,3.407162376,-12.5109105091
2002-01-10,11.4815754265,5.34265321693,3.15610269527,-12.6636562896
2002-01-11,11.159356646,4.83188824998,3.3385059177,-13.349961754
2002-01-12,10.6398994461,6.28508599029,3.92643292342,-13.3371026355
2002-01-13,11.2307403332,4.35434010873,4.75683772605,-15.160513429
2002-01-14,11.4434419662,4.36909208893,5.76429325579,-14.8093518722
2002-01-15,11.7493837597,4.16478789541,7.497605579,-13.8799075591
2002-01-16,12.1238867118,1.31313182418,7.57372521205,-13.4015997376
2002-01-17,13.3258571702,-0.428214774299,8.15792143925,-12.3036475054
2002-01-18,12.3857488493,1.55864161299,8.5861703373,-12.7574841002
2002-01-19,11.5284420169,2.21084363387,8.33364664577,-13.959715103
2002-01-20,10.0735699872,3.17877204449,8.16886117064,-13.1512222465
2002-01-21,10.8381081453,2.4213018143,8.00788355474,-13.719474289
2002-01-22,11.869098766,1.76910572747,7.74216853833,-13.1304309894
2002-01-23,11.4674334202,1.43349588451,7.32606507801,-15.0320514378
2002-01-24,9.9403152694,1.24207790716,6.84853104319,-14.1301910427
2002-01-25,9.51890092061,2.28316593065,6.27393641159,-14.2335496255
2002-01-26,10.6820200842,0.925017018682,6.55860241228,-15.0701851199
2002-01-27,10.3935898528,0.0743769863663,6.78476907006,-16.5041528213
2002-01-28,11.1219828033,1.00033072305,5.47808554856,-17.2313790104
2002-01-29,11.4764306396,1.67326924349,6.84868604774,-17.6551933749
2002-01-30,9.45941350287,0.73902082686,8.08212024305,-17.6941306849
2002-01-31,9.59778785416,0.721781749019,7.00277292678,-17.5364831448
2002-02-01,9.37854634205,0.727405673455,6.65235297743,-16.3135336743
2002-02-02,9.28259339771,0.359286202959,4.8556391195,-15.4129522596
2002-02-03,10.0520690732,1.32793630576,4.99616990321,-13.8013620161
2002-02-04,9.2534294101,2.03053269,3.35088395566,-14.2821074914
2002-02-05,8.23796824026,2.4249682367,5.13123652792,-13.7143469679
2002-02-06,8.26091955745,0.71214148716,4.72347041624,-12.9359353929
2002-02-07,8.1132636157,2.60549886277,5.38258465516,-14.6533317947
2002-02-08,9.58699629984,2.2823786526,3.85547512897,-15.5940201487
2002-02-09,9.60697239749,3.93426576068,5.16834136548,-16.1315765672
2002-02-10,8.05514487094,2.42380306384,6.1188974367,-16.0913824301
2002-02-11,6.88628948557,3.11007961256,5.51504605978,-15.4692097467
2002-02-12,8.95745011494,2.93106962784,6.03454657759,-14.11024523
2002-02-13,7.61410525243,3.54929318608,5.10152170183,-13.6950157451
2002-02-14,9.64338792666,4.20798535674,3.29732087762,-13.5528775517
2002-02-15,11.135643742,4.44767470963,3.272216722,-13.9997825667
2002-02-16,10.4881317896,4.82054234486,2.12714784736,-13.6745731465
2002-02-17,9.44855778763,5.12211125028,0.621877456124,-13.2770441575
2002-02-18,8.53773925109,6.52224519915,1.10238846727,-14.651348712
2002-02-19,9.0457932836,6.73591710499,-0.264636377319,-14.1559862368
2002-02-20,9.08233084346,6.12957527553,-2.38674797114,-14.1798582094
2002-02-21,10.1839784769,7.84687069919,-1.1074798616,-14.4712467943
2002-02-22,10.9359250042,7.5841988324,-0.680840403199,-14.8397106709
2002-02-23,11.4289906942,5.72612321136,-0.301072180242,-14.2770712005
2002-02-24,10.4688577946,6.08921034467,-1.03452569408,-16.2623161412
2002-02-25,7.86780765519,6.9567087563,-1.77051342743,-17.7818521464
2002-02-26,6.48541322693,7.68552487665,-2.4978639827,-16.5613564131
2002-02-27,6.72570245514,7.81096450206,-4.00256460513,-18.1847791341
2002-02-28,8.28647143047,9.41737419859,-3.41075779396,-19.612411742
2002-03-01,8.72160815761,10.2162597478,-5.02343364032,-21.255495698
2002-03-02,9.60931689127,9.07170703391,-5.7359577289,-20.0178835811
2002-03-03,10.0572508652,8.48297644915,-6.28188934656,-20.7224378123
2002-03-04,9.8375773737,8.40020577427,-6.22591211099,-20.4402357839
2002-03-05,8.87237440871,10.5083241927,-6.60978143794,-20.8816349304
2002-03-06,9.8372386918,10.0364093382,-5.40224157943,-20.9926009009
2002-03-07,9.30820295606,11.4793222519,-6.80446461815,-19.4987166081
2002-03-08,10.6452228364,10.4591583575,-5.39248875275,-19.630093565
2002-03-09,10.4464199253,8.87184758685,-4.65149413374,-18.4159596108
2002-03-10,9.57173278715,7.17696985247,-3.9835539518,-18.7109223307
2002-03-11,10.0519552197,8.01753853808,-2.19099127487,-19.756851775
2002-03-12,10.1312965972,7.22358993409,-1.89394568354,-19.8087674027
2002-03-13,10.6935226631,8.8621775984,-1.55563465917,-18.6700121812
2002-03-14,10.2265080202,9.3833783827,-0.0490886846916,-18.5234751941
2002-03-15,9.22422317254,10.0143822327,-1.06017861495,-18.9498545046
2002-03-16,7.55551872389,8.07096254488,-0.825032818851,-18.0861314063
2002-03-17,9.10801242056,9.14267771273,-0.657957506014,-17.9193502133
2002-03-18,9.84542220944,10.8185466854,-1.32177277613,-18.8832079476
2002-03-19,11.4980707176,12.2509350004,-1.48793979349,-17.5428319749
2002-03-20,13.6277393088,13.5695343941,-1.76477217833,-18.6789861125
2002-03-21,12.3991957071,14.1599344976,-2.82932383486,-17.4665131997
2002-03-22,11.8683150913,14.5694767976,-3.46179609355,-16.906487189
2002-03-23,11.716575094,16.6259625893,-3.44622911824,-17.2448688032
2002-03-24,12.5937737148,16.005804229,-3.72864767096,-18.1163036483
2002-03-25,12.4422457871,14.6000103069,-4.42125003959,-19.3250684069
2002-03-26,14.3074341528,13.5308355923,-2.98684218194,-18.1749140908
2002-03-27,13.8795963785,15.2914928369,-2.74240905639,-18.7301632175
2002-03-28,13.5916190687,16.9089326449,-2.8120916631,-19.103772222
2002-03-29,12.7253805579,16.8873557203,-2.88560214711,-17.6373590263
2002-03-30,12.3518818336,18.4124198536,-4.71706820862,-17.6564124893
2002-03-31,11.975805391,18.5068302791,-5.38034041306,-18.5602142215
2002-04-01,10.1190091087,18.096944973,-6.5560665418,-17.7255151431
2002-04-02,12.2187883226,18.6034687418,-7.08936678912,-16.9601104267
2002-04-03,12.8613458575,19.2783627061,-5.83407116522,-17.8199547859
2002-04-04,11.2151478928,18.873050329,-6.13662489991,-16.8754770178
2002-04-05,10.2875616425,18.8505228389,-4.99823392958,-16.9695409256
2002-04-06,11.1891123397,20.4631127685,-3.80384059274,-16.9174646553
2002-04-07,11.2550278853,20.7665056606,-4.48725755675,-16.8208018111
2002-04-08,12.1741695139,20.1541335745,-3.93891906341,-16.8200344776
2002-04-09,10.2667636265,19.6773706036,-2.85417688059,-16.6868865166
2002-04-10,8.89953956081,19.5236238109,-3.64452465536,-17.227133882
2002-04-11,8.38017463993,18.2439516693,-2.71393414622,-18.3586972892
2002-04-12,7.98285946065,17.9329999553,-2.39121913963,-19.9417276805
2002-04-13,9.56254467118,18.6277949991,-3.87709280414,-21.0751935322
2002-04-14,11.8899793357,18.8540147498,-4.27509007984,-21.4685180739
2002-04-15,10.6134284669,20.1464172748,-2.59674710461,-22.0985066221
2002-04-16,9.95992492918,21.1339287758,-3.30561108595,-22.4929396203
2002-04-17,11.6221196432,23.6682686923,-5.62347873465,-21.884604713
2002-04-18,11.9561575045,23.2256587641,-5.98225185302,-21.6937722505
2002-04-19,13.8571245213,22.1178272616,-5.73944765688,-21.7623916678
2002-04-20,11.8843410579,20.9116415384,-4.62519150754,-21.2640371771
2002-04-21,12.2596577349,21.0890839009,-3.89015558473,-22.2516994151
2002-04-22,12.476298739,20.0620911709,-5.21953061734,-21.7679106546
2002-04-23,13.7117398363,19.9783065858,-6.25564626823,-22.2862968457
2002-04-24,13.0890846205,19.9968253895,-6.05042962889,-22.7988768312
2002-04-25,13.2526578853,19.5051929301,-6.7403548192,-23.5828988129
2002-04-26,11.7629369736,18.9525797686,-8.11597816849,-24.3749030744
2002-04-27,12.4655211452,20.0844670784,-7.71815707153,-26.3060292263
2002-04-28,11.9640254875,19.2016171235,-7.04395018549,-27.1728465014
2002-04-29,10.8355597845,18.9784733162,-7.6605046377,-27.9391279601
2002-04-30,11.3501732028,19.2527896597,-6.90356693105,-26.7155467148
2002-05-01,12.1332529221,21.3265581573,-6.62961363608,-24.7126533326
2002-05-02,11.5587525481,19.3098873176,-6.07416103171,-25.3858655399
2002-05-03,9.46217568301,18.5546149087,-7.60316896535,-25.3550806051
2002-05-04,10.4562267645,19.0830379093,-7.49044126222,-24.8693589567
2002-05-05,10.9283586358,18.4097072324,-8.61875131832,-24.7786706231
2002-05-06,9.63915282879,18.2061145512,-7.76277985531,-25.2408348969
2002-05-07,8.81347849574,17.4633616933,-7.0204216947,-25.6971798517
2002-05-08,10.0371474178,17.9588377524,-6.87860040123,-22.8253640107
2002-05-09,10.520581673,18.3893709416,-5.76620875588,-22.3331879907
2002-05-10,9.47377552866,19.3870538551,-6.61881663043,-22.1646204634
2002-05-11,8.28612444253,19.7193918304,-6.96890930796,-23.3754421915
2002-05-12,7.63391588706,20.9147001445,-8.12163830762,-23.0322946867
2002-05-13,8.40835369349,21.6595892782,-6.27270347021,-22.8175592386
2002-05-14,7.64215055054,21.8308648194,-5.62301605117,-23.0645478959
2002-05-15,7.79286655779,21.3363439745,-4.9306157208,-23.821805383
2002-05-16,6.5368371225,22.1661281552,-3.6620975974,-24.490653176
2002-05-17,6.38416799438,22.0041478092,-1.69311870461,-24.0623885591
2002-05-18,6.65348113915,22.9906003402,-0.829596000536,-25.1446051231
2002-05-19,6.37426222311,24.7162672721,0.711940852867,-24.6785056359
2002-05-20,5.86507058623,25.3295584607,1.46415668939,-25.7598846543
2002-05-21,4.34777459064,25.341145337,2.07820422044,-27.2655545071
2002-05-22,4.34613517975,25.8628723328,1.22373254877,-27.3024853138
2002-05-23,5.40251755169,27.2984652051,1.84177387784,-26.9499886667
2002-05-24,5.40333114229,25.6676761299,-0.497941912846,-26.739425742
2002-05-25,5.18500252929,26.6461572336,0.648246032189,-28.6806374496
2002-05-26,5.90241783461,27.063653677,0.892672540368,-29.3958730834
2002-05-27,6.39490798385,25.2995734687,1.51519078489,-29.0074597763
2002-05-28,6.45633753576,25.8824698512,0.910722026247,-27.5526676316
2002-05-29,5.85534363313,26.2620355996,2.54700237803,-26.1814335853
2002-05-30,5.92176032108,26.5730221194,1.92086749963,-27.4096742729
2002-05-31,4.0410040766,27.1690908135,3.31501689632,-26.9614835913
2002-06-01,5.27603259803,28.4297252976,3.91622249892,-25.9333756485
2002-06-02,5.81298944648,28.777473798,1.58164524881,-25.5754037653
2002-06-03,7.37205908578,28.7515385555,0.956876600209,-25.1239342869
2002-06-04,8.26749242539,30.4598188017,-0.372736460088,-25.8907714081
2002-06-05,7.71745254967,30.1766109485,-0.288981316742,-25.3394251778
2002-06-06,7.94301706908,29.9364600227,0.24059337137,-24.5929881889
2002-06-07,10.7466332212,30.6470256587,0.329084146527,-23.7179167234
2002-06-08,9.74389559691,31.5861453327,0.869640824631,-23.1252178616
2002-06-09,10.2986684521,32.4052423455,2.33510282561,-23.4467110705
2002-06-10,10.3429355597,31.3100087053,2.04289977388,-24.0847126896
2002-06-11,10.8795474927,30.3655151409,0.179896367054,-23.5972112369
2002-06-12,8.96604571336,30.4721433185,2.3983995499,-23.3001097527
2002-06-13,9.91205049848,30.7995890907,2.78413294582,-24.6064978431
2002-06-14,11.5639310734,31.015781582,2.78748302185,-25.1403931698
2002-06-15,10.1861036692,32.7192645095,2.13867865784,-24.5016563857
2002-06-16,9.36979915427,31.51212557,1.54282459538,-25.4479053034
2002-06-17,9.14478799424,30.048602664,3.53769439252,-25.1561224997
2002-06-18,8.11691929802,29.8330534758,2.72981660429,-24.4708732059
2002-06-19,7.35172779712,30.0270832659,3.63593731626,-24.1679377988
2002-06-20,7.32844307568,28.7574470754,5.9974223238,-22.9263124523
2002-06-21,9.0818230613,28.6999285429,7.14933317744,-21.156443755
2002-06-22,8.26901290132,28.6566109224,6.64687743255,-21.3607300874
2002-06-23,7.19202968175,29.4553285037,6.33697731799,-22.4344108774
2002-06-24,6.79204402218,29.6048638642,6.75180624172,-22.1095218093
2002-06-25,6.58904696375,29.8747847199,8.19248238857,-23.0044727136
2002-06-26,6.52273258742,30.3676223425,7.7337540945,-22.4423080837
2002-06-27,4.50763981351,31.4495617211,8.32511066799,-22.9094581833
2002-06-28,3.09777163719,30.2662897807,7.62961993625,-21.6487481089
2002-06-29,2.5135252061,26.9084360641,9.15242382507,-23.4181568644
2002-06-30,1.11190842329,28.5594310839,9.54633822471,-22.7536657556
2002-07-01,1.45789640606,26.4008217667,9.71370584675,-23.2707074948
2002-07-02,1.5688931055,28.0674385931,10.9194817549,-21.5214310419
2002-07-03,3.5335984094,28.2939684513,12.0758400265,-22.5802847448
2002-07-04,2.92942585976,28.6783252492,11.2183322252,-23.3858222
2002-07-05,3.03656581441,27.7690020069,11.6895916949,-22.9939205873
2002-07-06,4.30621587742,27.2201537905,12.4010196746,-24.1156459238
2002-07-07,3.04621036592,28.0631027303,12.4079896928,-26.1189623719
2002-07-08,3.67853073628,29.2353191479,14.0078301234,-26.1941175938
2002-07-09,4.52163158679,28.1540636382,13.8789917973,-26.0448772798
2002-07-10,4.12865398043,29.0047623301,13.3123850471,-26.2437669484
2002-07-11,2.796844965,29.5538562403,12.5134703451,-25.7606171918
2002-07-12,2.45556533801,30.4424081113,11.4818738058,-27.2206764727
2002-07-13,2.23750501424,29.1890112759,12.5226866826,-28.5434976266
2002-07-14,3.19855506468,28.1442752838,12.2644906322,-29.969374133
2002-07-15,5.18393279953,27.0697979904,12.4997635538,-30.5586770912
2002-07-16,4.22806416318,25.719008551,13.098995488,-29.512359818
2002-07-17,6.07178644768,27.7861859334,12.0684834185,-29.7095555816
2002-07-18,5.59448069667,26.6470379594,14.2247914767,-30.8700277377
2002-07-19,4.5729434988,27.1482069599,13.5030238221,-33.5069757864
2002-07-20,3.85219985971,26.2575312008,13.2318949824,-32.9112365452
2002-07-21,4.20940235035,23.8886401409,12.2102067931,-32.5938257025
2002-07-22,5.55697117971,22.9150003756,13.0224739707,-33.5499944732
2002-07-23,5.13877234822,22.4601667956,12.9203982664,-35.0171994116
2002-07-24,5.59191500335,23.2069913871,12.3370994192,-35.6788931231
2002-07-25,5.51654642603,22.7048798876,13.2309397292,-35.222449863
2002-07-26,5.28275414153,22.0808553866,12.0830051655,-35.3706843654
2002-07-27,5.77293102056,22.1529983799,11.4484413697,-35.0888936848
2002-07-28,5.97321284593,23.0740935984,12.1720779618,-35.0635688817
2002-07-29,5.12562082592,24.5256138935,10.6884555607,-34.5570146754
2002-07-30,4.91035281587,23.4788248194,10.1970557135,-34.1239820188
2002-07-31,5.43165394745,22.5171018406,10.5503696306,-34.7046218565
2002-08-01,5.4237304339,20.8520990641,10.6413695535,-34.8456989467
2002-08-02,5.09559860241,20.2025983834,10.4960219034,-34.463069438
2002-08-03,5.47881776868,20.3378824769,11.1149131981,-35.3981848441
2002-08-04,5.20903727254,19.706265765,11.4832570985,-35.4972185608
2002-08-05,4.64159324805,20.166976422,11.872460477,-34.7416460051
2002-08-06,4.5596457006,20.6156355121,12.7162792586,-35.9151045841
2002-08-07,3.08859749196,19.1371121656,11.7798765885,-36.3399956036
2002-08-08,2.58987465983,20.1200837013,12.5969815838,-37.399673593
2002-08-09,2.98864948315,19.3727707911,12.3660516018,-36.1722249495
2002-08-10,3.63902561925,20.3147362049,11.8844856606,-36.0116116834
2002-08-11,4.33965298712,21.3688845417,11.4557784047,-34.8321052223
2002-08-12,4.90703692247,21.0049994951,11.5617632446,-35.2264286512
2002-08-13,3.78138336175,19.043464409,13.0745713427,-35.5523454358
2002-08-14,4.24504555172,18.4259385891,14.2458391895,-33.913981815
2002-08-15,2.68513076728,18.5658897445,14.998391666,-34.5044228781
2002-08-16,2.21587683613,18.2378035237,14.0543507209,-35.0275042112
2002-08-17,-0.0697767861977,18.5606468754,15.7519025296,-36.1674300206
2002-08-18,-0.262806151973,15.9375823871,16.8578870311,-36.6672585825
2002-08-19,0.631837832269,15.7632161869,17.782860897,-38.735447233
2002-08-20,1.14029579553,14.6922476708,17.4225178584,-36.5699145032
2002-08-21,2.29449799125,15.3800912504,18.4886598947,-37.0463156874
2002-08-22,2.2816554344,17.575137657,18.5415765415,-34.9304264189
2002-08-23,1.892770785,17.0609927217,18.3631462234,-36.8082684613
2002-08-24,0.327683560183,16.6189093852,19.4438186766,-37.6783564141
2002-08-25,0.112213929048,18.0230974568,20.5690511865,-38.1713362613
2002-08-26,-0.182681262189,17.0179476597,21.6430411937,-38.4830872465
2002-08-27,1.37663158369,16.4485725728,22.160149921,-39.4678504503
2002-08-28,1.1208598387,18.1472861142,20.7417994552,-40.5897274461
2002-08-29,1.95362270607,18.4375649773,20.3925739273,-40.3990901074
2002-08-30,1.44418709005,17.8176854719,19.8098000474,-40.0923263558
2002-08-31,0.572704338101,15.3022236462,18.748190712,-40.0253749703
2002-09-01,-0.0104761730779,15.4677550019,18.0874572001,-40.9289679466
2002-09-02,0.526808213511,15.7958493151,18.1481939087,-38.4077489068
2002-09-03,1.79786961281,16.7838070633,18.5330310662,-37.3163000697
2002-09-04,1.19670616011,18.2396759595,17.8762188586,-38.2659661864
2002-09-05,1.60895611267,16.7854465894,16.9305861183,-37.5693119415
2002-09-06,1.80060948986,15.5107975644,14.6261881199,-36.1615008087
2002-09-07,3.18353528798,14.6261943247,15.3428461088,-36.2625044288
2002-09-08,5.05445182763,14.7220550072,16.1375634619,-36.3066039446
2002-09-09,5.40415388847,15.4767464788,18.5112636471,-35.538735994
2002-09-10,7.07255903692,14.6677812867,19.069192347,-34.9694604965
2002-09-11,7.78347755305,16.3628032304,18.806443548,-35.5875575386
2002-09-12,8.86603509361,15.8181174889,19.3287695495,-33.6518815804
2002-09-13,10.6007447441,14.506351884,19.6619619017,-35.0564656973
2002-09-14,10.4428684163,15.7425883261,18.4379570725,-34.1658572048
2002-09-15,10.0384147076,16.7460475216,17.6662927077,-34.4640681663
2002-09-16,9.33048909847,15.6169071939,18.4223072955,-33.3262173452
2002-09-17,8.9000093165,14.9698333047,19.8572612981,-33.7055639136
2002-09-18,10.1085614997,15.2195654203,19.7257592569,-33.1713428532
2002-09-19,10.457609208,13.3298192479,21.0727638178,-34.7141365523
2002-09-20,11.7620312402,13.9885470049,20.8692708145,-33.0282221043
2002-09-21,12.234343569,12.9905834343,21.4164436106,-31.9134426916
2002-09-22,12.0252707049,13.4061294071,22.6352189288,-30.4087873903
2002-09-23,12.9415694047,12.6580386365,21.2413390998,-29.9907622492
2002-09-24,14.4352346073,13.305746053,20.1564215814,-28.8807993514
2002-09-25,13.982616448,11.5915151024,21.2668884264,-30.2380482238
2002-09-26,11.6935708717,11.3755842959,20.5780804684,-31.4318544027
